INSERT INTO public.person (id, name, surname, email) VALUES
('ec440df1-9ee8-4b80-8d52-fbc01b1849da', 'David', 'Johnson', 'david.johnson@example.com'),
('a8dce485-458a-46d8-a6f2-e305c3dc8637', 'Ian', 'Bush', 'ian.bush@example.com'),
('005ce8ba-6c14-4a18-91ca-a9091b209448', 'Karl', 'Williams', 'karl.williams@example.com'),
('3cc71ab4-02f6-4ca9-b1fb-b7c7ccffc51d', 'Ian', 'Biden', 'ian.biden@example.com'),
('69f4710a-ebf9-4221-a00c-81afb95dd5a6', 'David', 'Jones', 'david.jones@example.com'),
('e8f2024b-6d12-4ce8-9328-608754639837', 'Alice', 'Obama', 'alice.obama@example.com'),
('d7a167fd-28ed-439f-9afa-7c91e92a10f6', 'David', 'Burr', 'david.burr@example.com'),
('e44db862-8fab-4b1f-8c5b-114881bf206e', 'Bob', 'Jones', 'bob.jones@example.com'),
('05bdeaca-c543-4a0e-8645-2b9cb9c03f16', 'Jill', 'Bush', 'jill.bush@example.com'),
('9b6d32d5-aa8f-420b-a09e-46a37ca2072c', 'Alice', 'Biden', 'alice.biden@example.com'),
('97f14eb4-276c-4c86-9fcc-2694eaf95c29', 'Jill', 'Chapelle', 'jill.chapelle@example.com'),
('b077f660-2e6e-4e21-bb98-ab150c94ab77', 'Hugo', 'Williams', 'hugo.williams@example.com'),
('0796b408-a76a-4928-ab20-a24462398a15', 'Charlie', 'Chapelle', 'charlie.chapelle@example.com'),
('b1bdd722-8fa7-4e7b-9cc6-152e78db7d4b', 'Hugo', 'Obama', 'hugo.obama@example.com'),
('11fc77f6-55e4-48fd-aa21-0c91cb518b87', 'Hugo', 'Burr', 'hugo.burr@example.com'),
('b7c60839-cc57-4ea6-8636-b3ffefa90f71', 'Hugo', 'Smith', 'hugo.smith@example.com'),
('afe07e0c-fb4a-4840-9f7b-5fa22dd6bb16', 'Karl', 'Johnson', 'karl.johnson@example.com'),
('f58333b1-8f23-4dc8-b513-6f73f8be3794', 'David', 'Gervais', 'david.gervais@example.com'),
('78740abf-ef4d-4a24-b4a2-ef67005a796f', 'Charlie', 'Trump', 'charlie.trump@example.com'),
('c9d24b17-04b7-47a0-b01e-b813d97dedaf', 'David', 'Smith', 'david.smith@example.com'),
('886c909f-752a-4fa2-9bc4-8150c7311667', 'Alice', 'Williams', 'alice.williams@example.com'),
('195a894c-2b54-4625-9044-fdbfebe3359c', 'Charlie', 'Gervais', 'charlie.gervais@example.com'),
('4c5ec750-f20d-49c6-96ee-1146d9a3730c', 'Hugo', 'Williams', 'hugo.williams@example.com'),
('fa5820f7-9932-467d-9e7f-056ef9c3e7e8', 'David', 'Johnson', 'david.johnson@example.com'),
('cede469f-7d10-4e07-8000-91da2cbc0e48', 'Jill', 'Brown', 'jill.brown@example.com'),
('835ea53c-dbdb-43a2-bc01-5c517140578a', 'Jill', 'Trump', 'jill.trump@example.com'),
('823b9676-b77e-44bd-bc85-be1b9d51ff26', 'Frank', 'Gervais', 'frank.gervais@example.com'),
('75df58fc-1061-41fb-a40a-bcd2f07d7092', 'Frank', 'Gervais', 'frank.gervais@example.com'),
('5ed0fb56-cdf1-4ba7-a55d-e2e58a1374d5', 'Bob', 'Bush', 'bob.bush@example.com'),
('d5d7e3df-ee10-47ad-a9d9-f154cf603795', 'Karl', 'Burr', 'karl.burr@example.com');

INSERT INTO public.class (code, name, credits) VALUES 
('CS101', 'Introduction to Computer Science', 4),
('CS102', 'Introduction to Programming', 2),
('CS103', 'Introduction to Databases', 3),
('CS104', 'Introduction to Web Development', 3),
('CS105', 'Introduction to Data Science', 4),
('CS106', 'Introduction to Cybersecurity', 3),
('CS107', 'Introduction to Networking', 3),
('CS108', 'Introduction to Software Engineering', 4),
('CS109', 'Introduction to Artificial Intelligence', 4),
('CS110', 'Introduction to Machine Learning', 4),
('CS111', 'Introduction to Robotics', 4),
('CS112', 'Introduction to Quantum Computing', 4),
('CS113', 'Introduction to Cryptography', 4),
('CS114', 'Introduction to Blockchain', 4),
('CS115', 'Introduction to Cloud Computing', 4),
('CS116', 'Introduction to Internet of Things', 4),
('CS117', 'Introduction to Big Data', 4),
('CS118', 'Introduction to Virtual Reality', 4),
('CS119', 'Introduction to Augmented Reality', 4),
('CS120', 'Introduction to Mixed Reality', 4),
('CS121', 'Introduction to Extended Reality', 4),
('CS122', 'Introduction to Artificial General Intelligence', 4);


INSERT INTO public.relations (role, person_id, class_code) VALUES
('student', 'ec440df1-9ee8-4b80-8d52-fbc01b1849da', 'CS101'),
('student', 'ec440df1-9ee8-4b80-8d52-fbc01b1849da', 'CS102'),
('student', 'ec440df1-9ee8-4b80-8d52-fbc01b1849da', 'CS103'),
('student', 'ec440df1-9ee8-4b80-8d52-fbc01b1849da', 'CS104'),
('student', 'ec440df1-9ee8-4b80-8d52-fbc01b1849da', 'CS105'),
('teacher', '5ed0fb56-cdf1-4ba7-a55d-e2e58a1374d5', 'CS101'),
('teacher', '5ed0fb56-cdf1-4ba7-a55d-e2e58a1374d5', 'CS102'),
('teacher', '5ed0fb56-cdf1-4ba7-a55d-e2e58a1374d5', 'CS103'),
('student', '886c909f-752a-4fa2-9bc4-8150c7311667', 'CS104'),
('student', '886c909f-752a-4fa2-9bc4-8150c7311667', 'CS105');
